Cruise	Location	Station	Transect	Date_Time_UTC	Latitude	Longitude	Moc_size	Net_number	Vol_filtered	Total_pyrosome_vol	Total_count	Subsample_count	Subsample_vol	Est_total_count	Abundance	Biovolume	Colony_ID	Length
W18	NH	N1	Ma	2018-02-17 05:54:36	44.652852	-124.301092	4	0	287.2338	500	47	nd	nd	47	0.1636	1.7407	nd	nd
W18	NH	N1	Ma	2018-02-17 05:54:36	44.652852	-124.301092	4	3	257.9415	0	nd	nd	nd	nd	nd	0.0000	nd	nd
W18	NH	N1	Ma	2018-02-17 05:54:36	44.652852	-124.301092	4	4	194.6633	70	nd	nd	nd	nd	nd	0.3596	nd	nd
W18	NH	N3	Ma	2018-02-17 10:16:36	44.652014	-124.650992	4	0	445.4587	1500	125	nd	nd	125	0.2806	3.3673	nd	nd
W18	NH	N3	Ma	2018-02-17 10:16:36	44.652014	-124.650992	4	1	227.6316	0	0	nd	nd	0	0.0000	0.0000	nd	nd
W18	NH	N3	Ma	2018-02-17 10:16:36	44.652014	-124.650992	4	2	101.133	0	0	nd	nd	0	0.0000	0.0000	nd	nd
W18	NH	N3	Ma	2018-02-17 10:16:36	44.652014	-124.650992	4	3	276.0563	0	0	nd	nd	0	0.0000	0.0000	nd	nd
W18	NH	N3	Ma	2018-02-17 10:16:36	44.652014	-124.650992	4	4	202.4493	0	0	nd	nd	0	0.0000	0.0000	nd	nd
W18	NH	N5	Ma	2018-02-17 14:09:21	44.650714	-125.121959	4	0	1742.099	5000	278	nd	nd	278	0.1596	2.8701	nd	nd
W18	NH	D5	Ma	2018-02-17 18:09:21	44.65287	-125.119279	4	0	1655.305	6000	nd	nd	nd	nd	nd	3.6247	nd	nd
W18	NH	D3	Ma	2018-02-17 23:02:21	44.648102	-124.652999	4	0	1510.385	7000	nd	nd	nd	nd	nd	4.6346	nd	nd
W18	NH	D1	Ma	2018-02-18 03:16:06	44.65046	-124.29467	4	0	401.5147	500	nd	nd	nd	nd	nd	1.2453	nd	nd
W18	NH	D1	Ma	2018-02-18 03:16:06	44.65046	-124.29467	4	3	158.1501	500	40	nd	nd	40	0.2529	3.1616	nd	nd
W18	NH	D1	Ma	2018-02-18 03:16:06	44.65046	-124.29467	4	4	224.8193	10	2	nd	nd	2	0.0089	0.0445	nd	nd
W18	TR	N1	Ma	2018-02-20 02:54:06	41.05766	-124.26798	4	0	407.2933455	0	0	nd	nd	0	0.0000	0.0000	nd	nd
W18	TR	N1	Ma	2018-02-20 02:54:06	41.05766	-124.26798	4	3	224.1238536	0	0	nd	nd	0	0.0000	0.0000	nd	nd
W18	TR	N1	Ma	2018-02-20 02:54:06	41.05766	-124.26798	4	4	240.7245405	0	0	nd	nd	0	0.0000	0.0000	nd	nd
W18	TR	N3	Ma	2018-02-20 06:04:06	41.058973	-124.433793	4	0	683.8605829	37	1	nd	nd	1	0.0015	0.0541	nd	nd
W18	TR	N3	Ma	2018-02-20 06:04:06	41.058973	-124.433793	4	1	218.2400481	0	0	nd	nd	0	0.0000	0.0000	nd	nd
W18	TR	N3	Ma	2018-02-20 06:04:06	41.058973	-124.433793	4	2	192.0032441	0	0	nd	nd	0	0.0000	0.0000	nd	nd
W18	TR	N3	Ma	2018-02-20 06:04:06	41.058973	-124.433793	4	3	213.4104542	25	1	nd	nd	1	0.0047	0.1171	nd	nd
W18	TR	N3	Ma	2018-02-20 06:04:06	41.058973	-124.433793	4	4	300.4706487	0	0	nd	nd	0	0.0000	0.0000	nd	nd
W18	TR	N5	Ma	2018-02-20 08:59:06	41.045861	-124.754997	4	0	781.2012512	0	0	nd	nd	0	0.0000	0.0000	nd	nd
W18	TR	N5	Ma	2018-02-20 08:59:06	41.045861	-124.754997	4	1	186.5640608	0	0	nd	nd	0	0.0000	0.0000	nd	nd
W18	TR	N5	Ma	2018-02-20 08:59:06	41.045861	-124.754997	4	2	253.1083233	0	0	nd	nd	0	0.0000	0.0000	nd	nd
W18	TR	N5	Ma	2018-02-20 08:59:06	41.045861	-124.754997	4	3	306.880162	0	0	nd	nd	0	0.0000	0.0000	nd	nd
W18	TR	N5	Ma	2018-02-20 08:59:06	41.045861	-124.754997	4	4	277.3736121	0	0	nd	nd	0	0.0000	0.0000	nd	nd
W18	TR	D5	Ma	2018-02-20 15:17:21	41.04939	-124.758579	4	0	1506.88898	0	0	nd	nd	0	0.0000	0.0000	nd	nd
W18	TR	D3	Ma	2018-02-20 18:47:36	41.060805	-124.433452	4	0	2217.811776	25	2	nd	nd	2	0.0009	0.0113	nd	nd
W18	TR	D2	Ma	2018-02-20 20:53:36	41.057632	-124.338063	4	0	997.079844	0	0	nd	nd	0	0.0000	0.0000	nd	nd
W18	TR	D1	Ma	2018-02-20 22:26:36	41.058753	-124.272478	4	0	660.715095	0	0	nd	nd	0	0.0000	0.0000	nd	nd
S18	TR	D1	Ma	2018-07-06 16:15:11	41.05844	-124.341056	4	4	1086.2	70	1	nd	nd	1	0.0009	0.0644	L001	16.5
S18	TR	D2	Ma	2018-07-06 17:47:09	41.058315	-124.356475	4	3	1061.8	290	2	nd	nd	2	0.0019	0.2731	L002	27.5
S18	TR	D2	Ma	2018-07-06 17:47:09	41.058315	-124.356475	4	3	1061.8	290	2	nd	nd	2	0.0019	0.2731	L003	29
S18	TR	D2	Ma	2018-07-06 17:47:09	41.058315	-124.356475	1	3	265.4	210	1	nd	nd	1	0.0038	0.7913	L004	29.5
S18	TR	D3	Ma	2018-07-06 19:39:53	41.058557	-124.444257	4	2	955.5	175	2	nd	nd	2	0.0021	0.1832	L005	16.5
S18	TR	D3	Ma	2018-07-06 19:39:53	41.058557	-124.444257	4	2	955.5	175	2	nd	nd	2	0.0021	0.1832	L006	18
S18	TR	D3	Ma	2018-07-06 19:45:17	41.058547	-124.448205	1	3	218.5	50	1	nd	nd	1	0.0046	0.2288	L007	17.5
S18	TR	D3	Ma	2018-07-06 19:50:40	41.058552	-124.452386	4	4	831.5	105	1	nd	nd	1	0.0012	0.1263	L008	26
S18	TR	D4	Ma	2018-07-06 21:22:49	41.058444	-124.592612	4	2	634.4	250	1	nd	nd	1	0.0016	0.3941	L009	20.5
S18	TR	D5	Ma	2018-07-06 23:20:59	41.058446	-124.76054	4	2	545.5	215	4	nd	nd	4	0.0073	0.3941	L010	17
S18	TR	D5	Ma	2018-07-06 23:20:59	41.058446	-124.76054	4	2	545.5	215	4	nd	nd	4	0.0073	0.3941	L011	11.5
S18	TR	D5	Ma	2018-07-06 23:20:59	41.058446	-124.76054	4	2	545.5	215	4	nd	nd	4	0.0073	0.3941	L012	12
S18	TR	D5	Ma	2018-07-06 23:20:59	41.058446	-124.76054	4	2	545.5	215	4	nd	nd	4	0.0073	0.3941	L013	11.5
S18	TR	D5	Ma	2018-07-06 23:20:59	41.058446	-124.76054	1	2	136.4	140	1	nd	nd	1	0.0073	1.0264	L014	21.5
S18	TR	N5	Ma	2018-07-07 09:54:39	41.058406	-124.748265	4	2	821.5	185	1	nd	nd	1	0.0012	0.2252	L015	18.5
S18	TR	N5	Ma	2018-07-07 09:58:17	41.058502	-124.746661	4	3	685.1	140	1	nd	nd	1	0.0015	0.2043	L016	18.5
S18	TR	N5	Ma	2018-07-07 10:02:08	41.058443	-124.745075	4	4	658.7	640	5	nd	nd	5	0.0076	0.9716	L017	10.5
S18	TR	N5	Ma	2018-07-07 10:02:08	41.058443	-124.745075	4	4	658.7	640	5	nd	nd	5	0.0076	0.9716	L018	23
S18	TR	N5	Ma	2018-07-07 10:02:08	41.058443	-124.745075	4	4	658.7	640	5	nd	nd	5	0.0076	0.9716	L019	39
S18	TR	N5	Ma	2018-07-07 10:02:08	41.058443	-124.745075	4	4	658.7	640	5	nd	nd	5	0.0076	0.9716	L020	26
S18	TR	N5	Ma	2018-07-07 10:02:08	41.058443	-124.745075	4	4	658.7	640	5	nd	nd	5	0.0076	0.9716	L021	22.5
S18	TR	N3	Ma	2018-07-07 12:11:52	41.058054	-124.422271	4	0	1441.9	395	6	nd	nd	6	0.0042	0.2739	L022	21
S18	TR	N3	Ma	2018-07-07 12:11:52	41.058054	-124.422271	4	0	1441.9	395	6	nd	nd	6	0.0042	0.2739	L023	17
S18	TR	N3	Ma	2018-07-07 12:11:52	41.058054	-124.422271	4	0	1441.9	395	6	nd	nd	6	0.0042	0.2739	L024	19
S18	TR	N3	Ma	2018-07-07 12:11:52	41.058054	-124.422271	4	0	1441.9	395	6	nd	nd	6	0.0042	0.2739	L025	12
S18	TR	N3	Ma	2018-07-07 12:11:52	41.058054	-124.422271	4	0	1441.9	395	6	nd	nd	6	0.0042	0.2739	L026	20
S18	TR	N3	Ma	2018-07-07 12:11:52	41.058054	-124.422271	4	0	1441.9	395	6	nd	nd	6	0.0042	0.2739	L027	3
S18	TR	N3	Ma	2018-07-07 12:25:42	41.058313	-124.412141	1	3	187.1	80	1	nd	nd	1	0.0053	0.4276	L028	14.5
S18	TR	N3	Ma	2018-07-07 12:25:42	41.058313	-124.412141	4	3	748.5	600	5	nd	nd	5	0.0067	0.8016	L029	33.5
S18	TR	N3	Ma	2018-07-07 12:25:42	41.058313	-124.412141	4	3	748.5	600	5	nd	nd	5	0.0067	0.8016	L030	22.5
S18	TR	N3	Ma	2018-07-07 12:25:42	41.058313	-124.412141	4	3	748.5	600	5	nd	nd	5	0.0067	0.8016	L031	23.5
S18	TR	N3	Ma	2018-07-07 12:25:42	41.058313	-124.412141	4	3	748.5	600	5	nd	nd	5	0.0067	0.8016	L032	9
S18	TR	N3	Ma	2018-07-07 12:25:42	41.058313	-124.412141	4	3	748.5	600	5	nd	nd	5	0.0067	0.8016	L033	28
S18	TR	D4	Mb	2018-07-07 19:20:19	41.058227	-124.594523	4	0	1623.7	110	3	nd	nd	3	0.0018	0.0677	L034	20.5
S18	TR	D4	Mb	2018-07-07 19:20:19	41.058227	-124.594523	4	0	1623.7	110	3	nd	nd	3	0.0018	0.0677	L035	10
S18	TR	D4	Mb	2018-07-07 19:20:19	41.058227	-124.594523	4	0	1623.7	110	3	nd	nd	3	0.0018	0.0677	L036	5.5
S18	TR	D4	Mb	2018-07-07 19:20:19	41.058227	-124.594523	1	0	405.9	115	1	nd	nd	1	0.0025	0.2833	L037	22.5
S18	TR	D4	Mb	2018-07-07 19:28:04	41.058265	-124.602889	4	2	733.1	120	1	nd	nd	1	0.0014	0.1637	L038	23.5
S18	TR	N3	Mb	2018-07-08 09:12:14	41.057873	-124.42307	4	0	1874.7	90	1	nd	nd	1	0.0005	0.0480	L039	10
S18	TR	N3	Mb	2018-07-08 09:12:14	41.057873	-124.42307	4	0	1874.7	70	1	nd	nd	1	0.0005	0.0373	L040	13
S18	TR	N3	Mb	2018-07-08 09:21:01	41.058137	-124.417624	4	2	710.1	300	3	nd	nd	3	0.0042	0.4225	L041	18
S18	TR	N3	Mb	2018-07-08 09:21:01	41.058137	-124.417624	4	2	710.1	300	3	nd	nd	3	0.0042	0.4225	L042	15
S18	TR	N3	Mb	2018-07-08 09:21:01	41.058137	-124.417624	4	2	710.1	300	3	nd	nd	3	0.0042	0.4225	L043	17.5
S18	NH	D1	Ma	2018-07-09 15:06:04	44.652067	-124.299788	4	3	648.8	35	1	nd	nd	1	0.0015	0.0539	L044	18
S18	NH	D2	Ma	2018-07-09 16:22:33	44.651932	-124.413179	4	0	963.4	140	3	nd	nd	3	0.0031	0.1453	L045	18
S18	NH	D2	Ma	2018-07-09 16:22:33	44.651932	-124.413179	4	0	963.4	140	3	nd	nd	3	0.0031	0.1453	L046	13.5
S18	NH	D2	Ma	2018-07-09 16:22:33	44.651932	-124.413179	4	0	963.4	140	3	nd	nd	3	0.0031	0.1453	L047	19.5
S18	NH	D2	Ma	2018-07-09 16:26:13	44.651886	-124.415684	4	2	689.4	60	1	nd	nd	1	0.0015	0.0870	L048	16.5
S18	NH	D2	Ma	2018-07-09 16:26:13	44.651886	-124.415684	1	2	172.3	65	1	nd	nd	1	0.0058	0.3772	L049	19.5
S18	NH	D2	Ma	2018-07-09 16:29:50	44.6519	-124.418201	1	3	166	280	3	nd	nd	3	0.0181	1.6867	L050	13.5
S18	NH	D2	Ma	2018-07-09 16:29:50	44.6519	-124.418201	1	3	166	280	3	nd	nd	3	0.0181	1.6867	L051	14.5
S18	NH	D2	Ma	2018-07-09 16:29:50	44.6519	-124.418201	1	3	166	280	3	nd	nd	3	0.0181	1.6867	L052	34.5
S18	NH	D2	Ma	2018-07-09 16:29:50	44.6519	-124.418201	4	3	664.1	260	3	nd	nd	3	0.0045	0.3915	L053	31.5
S18	NH	D2	Ma	2018-07-09 16:29:50	44.6519	-124.418201	4	3	664.1	260	3	nd	nd	3	0.0045	0.3915	L054	17
S18	NH	D2	Ma	2018-07-09 16:29:50	44.6519	-124.418201	4	3	664.1	260	3	nd	nd	3	0.0045	0.3915	L055	17
S18	NH	D2	Ma	2018-07-09 16:35:06	44.65196	-124.422106	1	4	205.1	540	6	nd	nd	6	0.0293	2.6329	L056	15.5
S18	NH	D2	Ma	2018-07-09 16:35:06	44.65196	-124.422106	1	4	205.1	540	6	nd	nd	6	0.0293	2.6329	L057	16.5
S18	NH	D2	Ma	2018-07-09 16:35:06	44.65196	-124.422106	1	4	205.1	540	6	nd	nd	6	0.0293	2.6329	L058	20.5
S18	NH	D2	Ma	2018-07-09 16:35:06	44.65196	-124.422106	1	4	205.1	540	6	nd	nd	6	0.0293	2.6329	L059	20.5
S18	NH	D2	Ma	2018-07-09 16:35:06	44.65196	-124.422106	1	4	205.1	540	6	nd	nd	6	0.0293	2.6329	L060	22
S18	NH	D2	Ma	2018-07-09 16:35:06	44.65196	-124.422106	1	4	205.1	540	6	nd	nd	6	0.0293	2.6329	L061	19
S18	NH	D2	Ma	2018-07-09 16:35:06	44.65196	-124.422106	4	4	820.5	1200	17	nd	nd	17	0.0207	1.4625	L062	16
S18	NH	D2	Ma	2018-07-09 16:35:06	44.65196	-124.422106	4	4	820.5	1200	17	nd	nd	17	0.0207	1.4625	L063	15.5
S18	NH	D2	Ma	2018-07-09 16:35:06	44.65196	-124.422106	4	4	820.5	1200	17	nd	nd	17	0.0207	1.4625	L064	18
S18	NH	D2	Ma	2018-07-09 16:35:06	44.65196	-124.422106	4	4	820.5	1200	17	nd	nd	17	0.0207	1.4625	L065	16
S18	NH	D2	Ma	2018-07-09 16:35:06	44.65196	-124.422106	4	4	820.5	1200	17	nd	nd	17	0.0207	1.4625	L066	13.5
S18	NH	D2	Ma	2018-07-09 16:35:06	44.65196	-124.422106	4	4	820.5	1200	17	nd	nd	17	0.0207	1.4625	L067	16
S18	NH	D2	Ma	2018-07-09 16:35:06	44.65196	-124.422106	4	4	820.5	1200	17	nd	nd	17	0.0207	1.4625	L068	13
S18	NH	D2	Ma	2018-07-09 16:35:06	44.65196	-124.422106	4	4	820.5	1200	17	nd	nd	17	0.0207	1.4625	L069	19
S18	NH	D2	Ma	2018-07-09 16:35:06	44.65196	-124.422106	4	4	820.5	1200	17	nd	nd	17	0.0207	1.4625	L070	19
S18	NH	D2	Ma	2018-07-09 16:35:06	44.65196	-124.422106	4	4	820.5	1200	17	nd	nd	17	0.0207	1.4625	L071	28.5
S18	NH	D2	Ma	2018-07-09 16:35:06	44.65196	-124.422106	4	4	820.5	1200	17	nd	nd	17	0.0207	1.4625	L072	19.5
S18	NH	D2	Ma	2018-07-09 16:35:06	44.65196	-124.422106	4	4	820.5	1200	17	nd	nd	17	0.0207	1.4625	L073	22.5
S18	NH	D2	Ma	2018-07-09 16:35:06	44.65196	-124.422106	4	4	820.5	1200	17	nd	nd	17	0.0207	1.4625	L074	18
S18	NH	D2	Ma	2018-07-09 16:35:06	44.65196	-124.422106	4	4	820.5	1200	17	nd	nd	17	0.0207	1.4625	L075	21
S18	NH	D2	Ma	2018-07-09 16:35:06	44.65196	-124.422106	4	4	820.5	1200	17	nd	nd	17	0.0207	1.4625	L076	18
S18	NH	D2	Ma	2018-07-09 16:35:06	44.65196	-124.422106	4	4	820.5	1200	17	nd	nd	17	0.0207	1.4625	L077	18.5
S18	NH	D2	Ma	2018-07-09 16:35:06	44.65196	-124.422106	4	4	820.5	1200	17	nd	nd	17	0.0207	1.4625	L078	22
S18	NH	D3	Ma	2018-07-09 18:55:27	44.652316	-124.657151	4	0	1311	310	6	nd	nd	6	0.0046	0.2365	L079	16.5
S18	NH	D3	Ma	2018-07-09 18:55:27	44.652316	-124.657151	4	0	1311	310	6	nd	nd	6	0.0046	0.2365	L080	19
S18	NH	D3	Ma	2018-07-09 18:55:27	44.652316	-124.657151	4	0	1311	310	6	nd	nd	6	0.0046	0.2365	L081	14.5
S18	NH	D3	Ma	2018-07-09 18:55:27	44.652316	-124.657151	4	0	1311	310	6	nd	nd	6	0.0046	0.2365	L082	10
S18	NH	D3	Ma	2018-07-09 18:55:27	44.652316	-124.657151	4	0	1311	310	6	nd	nd	6	0.0046	0.2365	L083	13.5
S18	NH	D3	Ma	2018-07-09 18:55:27	44.652316	-124.657151	4	0	1311	310	6	nd	nd	6	0.0046	0.2365	L084	11
S18	NH	D3	Ma	2018-07-09 18:55:27	44.652316	-124.657151	1	0	327.8	360	4	nd	nd	4	0.0122	1.0982	L085	19
S18	NH	D3	Ma	2018-07-09 18:55:27	44.652316	-124.657151	1	0	327.8	360	4	nd	nd	4	0.0122	1.0982	L086	22
S18	NH	D3	Ma	2018-07-09 18:55:27	44.652316	-124.657151	1	0	327.8	360	4	nd	nd	4	0.0122	1.0982	L087	17
S18	NH	D3	Ma	2018-07-09 18:55:27	44.652316	-124.657151	1	0	327.8	360	4	nd	nd	4	0.0122	1.0982	L088	16.5
S18	NH	D3	Ma	2018-07-09 19:01:37	44.652284	-124.660325	4	1	1102.1	290	4	nd	nd	4	0.0036	0.2631	L089	16.5
S18	NH	D3	Ma	2018-07-09 19:01:37	44.652284	-124.660325	4	1	1102.1	290	4	nd	nd	4	0.0036	0.2631	L090	13
S18	NH	D3	Ma	2018-07-09 19:01:37	44.652284	-124.660325	4	1	1102.1	290	4	nd	nd	4	0.0036	0.2631	L091	15.5
S18	NH	D3	Ma	2018-07-09 19:01:37	44.652284	-124.660325	4	1	1102.1	290	4	nd	nd	4	0.0036	0.2631	L092	19
S18	NH	D3	Ma	2018-07-09 19:01:37	44.652284	-124.660325	1	1	275.5	70	1	nd	nd	1	0.0036	0.2541	L093	19.5
S18	NH	D3	Ma	2018-07-09 19:05:03	44.652187	-124.662652	4	2	720.9	250	6	nd	nd	6	0.0083	0.3468	L094	14
S18	NH	D3	Ma	2018-07-09 19:05:03	44.652187	-124.662652	4	2	720.9	250	6	nd	nd	6	0.0083	0.3468	L095	19.5
S18	NH	D3	Ma	2018-07-09 19:05:03	44.652187	-124.662652	4	2	720.9	250	6	nd	nd	6	0.0083	0.3468	L096	18.5
S18	NH	D3	Ma	2018-07-09 19:05:03	44.652187	-124.662652	4	2	720.9	250	6	nd	nd	6	0.0083	0.3468	L097	15.5
S18	NH	D3	Ma	2018-07-09 19:05:03	44.652187	-124.662652	4	2	720.9	250	6	nd	nd	6	0.0083	0.3468	L098	14.5
S18	NH	D3	Ma	2018-07-09 19:05:03	44.652187	-124.662652	4	2	720.9	250	6	nd	nd	6	0.0083	0.3468	L099	11.5
S18	NH	D3	Ma	2018-07-09 19:05:03	44.652187	-124.662652	1	2	180.2	75	1	nd	nd	1	0.0055	0.4162	L100	17
S18	NH	D3	Ma	2018-07-09 19:10:18	44.652053	-124.666787	4	3	889.9	390	8	nd	nd	8	0.0090	0.4383	L101	12.5
S18	NH	D3	Ma	2018-07-09 19:10:18	44.652053	-124.666787	4	3	889.9	390	8	nd	nd	8	0.0090	0.4383	L102	20
S18	NH	D3	Ma	2018-07-09 19:10:18	44.652053	-124.666787	4	3	889.9	390	8	nd	nd	8	0.0090	0.4383	L103	14
S18	NH	D3	Ma	2018-07-09 19:10:18	44.652053	-124.666787	4	3	889.9	390	8	nd	nd	8	0.0090	0.4383	L104	13.5
S18	NH	D3	Ma	2018-07-09 19:10:18	44.652053	-124.666787	4	3	889.9	390	8	nd	nd	8	0.0090	0.4383	L105	15.5
S18	NH	D3	Ma	2018-07-09 19:10:18	44.652053	-124.666787	4	3	889.9	390	8	nd	nd	8	0.0090	0.4383	L106	14
S18	NH	D3	Ma	2018-07-09 19:10:18	44.652053	-124.666787	4	3	889.9	390	8	nd	nd	8	0.0090	0.4383	L107	20
S18	NH	D3	Ma	2018-07-09 19:10:18	44.652053	-124.666787	4	3	889.9	390	8	nd	nd	8	0.0090	0.4383	L108	19.5
S18	NH	D3	Ma	2018-07-09 19:15:10	44.651778	-124.671053	4	4	779	470	7	nd	nd	7	0.0090	0.6033	L109	13
S18	NH	D3	Ma	2018-07-09 19:15:10	44.651778	-124.671053	4	4	779	470	7	nd	nd	7	0.0090	0.6033	L110	15
S18	NH	D3	Ma	2018-07-09 19:15:10	44.651778	-124.671053	4	4	779	470	7	nd	nd	7	0.0090	0.6033	L111	14
S18	NH	D3	Ma	2018-07-09 19:15:10	44.651778	-124.671053	4	4	779	470	7	nd	nd	7	0.0090	0.6033	L112	16.5
S18	NH	D3	Ma	2018-07-09 19:15:10	44.651778	-124.671053	4	4	779	470	7	nd	nd	7	0.0090	0.6033	L113	20
S18	NH	D3	Ma	2018-07-09 19:15:10	44.651778	-124.671053	4	4	779	470	7	nd	nd	7	0.0090	0.6033	L114	30.5
S18	NH	D3	Ma	2018-07-09 19:15:10	44.651778	-124.671053	4	4	779	470	7	nd	nd	7	0.0090	0.6033	L115	15
S18	NH	D3	Ma	2018-07-09 19:15:10	44.651778	-124.671053	1	4	194.7	100	1	nd	nd	1	0.0051	0.5136	L116	25
S18	NH	D4	Ma	2018-07-09 20:54:56	44.651897	-124.884335	1	0	264.4	90	1	nd	nd	1	0.0038	0.3404	L117	21
S18	NH	D4	Ma	2018-07-09 20:54:56	44.651897	-124.884335	4	0	1057.6	430	8	nd	nd	8	0.0076	0.4066	L118	22
S18	NH	D4	Ma	2018-07-09 20:54:56	44.651897	-124.884335	4	0	1057.6	430	8	nd	nd	8	0.0076	0.4066	L119	15.5
S18	NH	D4	Ma	2018-07-09 20:54:56	44.651897	-124.884335	4	0	1057.6	430	8	nd	nd	8	0.0076	0.4066	L120	19
S18	NH	D4	Ma	2018-07-09 20:54:56	44.651897	-124.884335	4	0	1057.6	430	8	nd	nd	8	0.0076	0.4066	L121	11
S18	NH	D4	Ma	2018-07-09 20:54:56	44.651897	-124.884335	4	0	1057.6	430	8	nd	nd	8	0.0076	0.4066	L122	21
S18	NH	D4	Ma	2018-07-09 20:54:56	44.651897	-124.884335	4	0	1057.6	430	8	nd	nd	8	0.0076	0.4066	L123	11.5
S18	NH	D4	Ma	2018-07-09 20:54:56	44.651897	-124.884335	4	0	1057.6	430	8	nd	nd	8	0.0076	0.4066	L124	15
S18	NH	D4	Ma	2018-07-09 20:54:56	44.651897	-124.884335	4	0	1057.6	430	8	nd	nd	8	0.0076	0.4066	L125	15.5
S18	NH	D4	Ma	2018-07-09 20:59:35	44.651999	-124.886708	1	1	250.6	70	1	nd	nd	1	0.0040	0.2793	L126	13.5
S18	NH	D4	Ma	2018-07-09 20:59:35	44.651999	-124.886708	4	1	1002.5	260	3	nd	nd	3	0.0030	0.2594	L127	26.5
S18	NH	D4	Ma	2018-07-09 20:59:35	44.651999	-124.886708	4	1	1002.5	260	3	nd	nd	3	0.0030	0.2594	L128	17
S18	NH	D4	Ma	2018-07-09 20:59:35	44.651999	-124.886708	4	1	1002.5	260	3	nd	nd	3	0.0030	0.2594	L129	17
S18	NH	D4	Ma	2018-07-09 21:02:09	44.652008	-124.888284	1	3	157	90	2	nd	nd	2	0.0127	0.5732	L130	11.5
S18	NH	D4	Ma	2018-07-09 21:02:09	44.652008	-124.888284	1	3	157	90	2	nd	nd	2	0.0127	0.5732	L131	18
S18	NH	D4	Ma	2018-07-09 21:02:09	44.652008	-124.888284	4	3	627.9	240	5	nd	nd	5	0.0080	0.3822	L132	15.5
S18	NH	D4	Ma	2018-07-09 21:02:09	44.652008	-124.888284	4	3	627.9	240	5	nd	nd	5	0.0080	0.3822	L133	14
S18	NH	D4	Ma	2018-07-09 21:02:09	44.652008	-124.888284	4	3	627.9	240	5	nd	nd	5	0.0080	0.3822	L134	14
S18	NH	D4	Ma	2018-07-09 21:02:09	44.652008	-124.888284	4	3	627.9	240	5	nd	nd	5	0.0080	0.3822	L135	13.5
S18	NH	D4	Ma	2018-07-09 21:02:09	44.652008	-124.888284	4	3	627.9	240	5	nd	nd	5	0.0080	0.3822	L136	11
S18	NH	D4	Ma	2018-07-09 21:02:09	44.652008	-124.888284	4	2	539.1	480	6	nd	nd	6	0.0111	0.8904	L137	15.5
S18	NH	D4	Ma	2018-07-09 21:02:09	44.652008	-124.888284	4	2	539.1	480	6	nd	nd	6	0.0111	0.8904	L138	17.5
S18	NH	D4	Ma	2018-07-09 21:02:09	44.652008	-124.888284	4	2	539.1	480	6	nd	nd	6	0.0111	0.8904	L139	15
S18	NH	D4	Ma	2018-07-09 21:02:09	44.652008	-124.888284	4	2	539.1	480	6	nd	nd	6	0.0111	0.8904	L140	13
S18	NH	D4	Ma	2018-07-09 21:02:09	44.652008	-124.888284	4	2	539.1	480	6	nd	nd	6	0.0111	0.8904	L141	22
S18	NH	D4	Ma	2018-07-09 21:02:09	44.652008	-124.888284	4	2	539.1	480	6	nd	nd	6	0.0111	0.8904	L142	13.5
S18	NH	D4	Ma	2018-07-09 21:02:09	44.652008	-124.888284	1	2	134.8	290	2	nd	nd	2	0.0148	2.1513	L143	25.5
S18	NH	D4	Ma	2018-07-09 21:02:09	44.652008	-124.888284	1	2	134.8	290	2	nd	nd	2	0.0148	2.1513	L144	20.5
S18	NH	D4	Ma	2018-07-09 21:09:13	44.651896	-124.893135	4	4	667.3	240	2	nd	nd	2	0.0030	0.3597	L145	26
S18	NH	D4	Ma	2018-07-09 21:09:13	44.651896	-124.893135	4	4	667.3	240	2	nd	nd	2	0.0030	0.3597	L146	15.5
S18	NH	D5	Ma	2018-07-09 23:05:10	44.652626	-125.124867	4	0	1544.3	400	11	nd	nd	11	0.0071	0.2590	L147	12
S18	NH	D5	Ma	2018-07-09 23:05:10	44.652626	-125.124867	4	0	1544.3	400	11	nd	nd	11	0.0071	0.2590	L148	11
S18	NH	D5	Ma	2018-07-09 23:05:10	44.652626	-125.124867	4	0	1544.3	400	11	nd	nd	11	0.0071	0.2590	L149	11.5
S18	NH	D5	Ma	2018-07-09 23:05:10	44.652626	-125.124867	4	0	1544.3	400	11	nd	nd	11	0.0071	0.2590	L150	10.5
S18	NH	D5	Ma	2018-07-09 23:05:10	44.652626	-125.124867	4	0	1544.3	400	11	nd	nd	11	0.0071	0.2590	L151	12
S18	NH	D5	Ma	2018-07-09 23:05:10	44.652626	-125.124867	4	0	1544.3	400	11	nd	nd	11	0.0071	0.2590	L152	11
S18	NH	D5	Ma	2018-07-09 23:05:10	44.652626	-125.124867	4	0	1544.3	400	11	nd	nd	11	0.0071	0.2590	L153	8
S18	NH	D5	Ma	2018-07-09 23:05:10	44.652626	-125.124867	4	0	1544.3	400	11	nd	nd	11	0.0071	0.2590	L154	11.5
S18	NH	D5	Ma	2018-07-09 23:05:10	44.652626	-125.124867	4	0	1544.3	400	11	nd	nd	11	0.0071	0.2590	L155	14
S18	NH	D5	Ma	2018-07-09 23:05:10	44.652626	-125.124867	4	0	1544.3	400	11	nd	nd	11	0.0071	0.2590	L156	11
S18	NH	D5	Ma	2018-07-09 23:05:10	44.652626	-125.124867	4	0	1544.3	400	11	nd	nd	11	0.0071	0.2590	L157	12
S18	NH	D5	Ma	2018-07-09 23:05:10	44.652626	-125.124867	1	0	386.1	260	3	nd	nd	3	0.0078	0.6734	L158	24
S18	NH	D5	Ma	2018-07-09 23:05:10	44.652626	-125.124867	1	0	386.1	260	3	nd	nd	3	0.0078	0.6734	L159	13.5
S18	NH	D5	Ma	2018-07-09 23:05:10	44.652626	-125.124867	1	0	386.1	260	3	nd	nd	3	0.0078	0.6734	L160	19
S18	NH	D5	Ma	2018-07-09 23:09:44	44.652616	-125.129103	1	1	168.6	210	3	nd	nd	3	0.0178	1.2456	L161	21
S18	NH	D5	Ma	2018-07-09 23:09:44	44.652616	-125.129103	1	1	168.6	210	3	nd	nd	3	0.0178	1.2456	L162	9
S18	NH	D5	Ma	2018-07-09 23:09:44	44.652616	-125.129103	1	1	168.6	210	3	nd	nd	3	0.0178	1.2456	L163	12
S18	NH	D5	Ma	2018-07-09 23:21:01	44.65257	-125.139912	1	3	229.3	150	3	nd	nd	3	0.0131	0.6542	L164	16.5
S18	NH	D5	Ma	2018-07-09 23:21:01	44.65257	-125.139912	1	3	229.3	150	3	nd	nd	3	0.0131	0.6542	L165	17
S18	NH	D5	Ma	2018-07-09 23:21:01	44.65257	-125.139912	1	3	229.3	150	3	nd	nd	3	0.0131	0.6542	L166	9
S18	NH	D5	Ma	2018-07-09 23:21:01	44.65257	-125.139912	4	3	917.1	770	17	nd	nd	17	0.0185	0.8396	L167	25
S18	NH	D5	Ma	2018-07-09 23:21:01	44.65257	-125.139912	4	3	917.1	770	17	nd	nd	17	0.0185	0.8396	L168	12
S18	NH	D5	Ma	2018-07-09 23:21:01	44.65257	-125.139912	4	3	917.1	770	17	nd	nd	17	0.0185	0.8396	L169	9
S18	NH	D5	Ma	2018-07-09 23:21:01	44.65257	-125.139912	4	3	917.1	770	17	nd	nd	17	0.0185	0.8396	L170	13
S18	NH	D5	Ma	2018-07-09 23:21:01	44.65257	-125.139912	4	3	917.1	770	17	nd	nd	17	0.0185	0.8396	L171	16
S18	NH	D5	Ma	2018-07-09 23:21:01	44.65257	-125.139912	4	3	917.1	770	17	nd	nd	17	0.0185	0.8396	L172	7
S18	NH	D5	Ma	2018-07-09 23:21:01	44.65257	-125.139912	4	3	917.1	770	17	nd	nd	17	0.0185	0.8396	L173	20
S18	NH	D5	Ma	2018-07-09 23:21:01	44.65257	-125.139912	4	3	917.1	770	17	nd	nd	17	0.0185	0.8396	L174	18
S18	NH	D5	Ma	2018-07-09 23:21:01	44.65257	-125.139912	4	3	917.1	770	17	nd	nd	17	0.0185	0.8396	L175	18
S18	NH	D5	Ma	2018-07-09 23:21:01	44.65257	-125.139912	4	3	917.1	770	17	nd	nd	17	0.0185	0.8396	L176	14
S18	NH	D5	Ma	2018-07-09 23:21:01	44.65257	-125.139912	4	3	917.1	770	17	nd	nd	17	0.0185	0.8396	L177	11
S18	NH	D5	Ma	2018-07-09 23:21:01	44.65257	-125.139912	4	3	917.1	770	17	nd	nd	17	0.0185	0.8396	L178	9
S18	NH	D5	Ma	2018-07-09 23:21:01	44.65257	-125.139912	4	3	917.1	770	17	nd	nd	17	0.0185	0.8396	L179	20
S18	NH	D5	Ma	2018-07-09 23:21:01	44.65257	-125.139912	4	3	917.1	770	17	nd	nd	17	0.0185	0.8396	L180	9
S18	NH	D5	Ma	2018-07-09 23:21:01	44.65257	-125.139912	4	3	917.1	770	17	nd	nd	17	0.0185	0.8396	L181	11
S18	NH	D5	Ma	2018-07-09 23:21:01	44.65257	-125.139912	4	3	917.1	770	17	nd	nd	17	0.0185	0.8396	L182	11
S18	NH	D5	Ma	2018-07-09 23:21:01	44.65257	-125.139912	4	3	917.1	770	17	nd	nd	17	0.0185	0.8396	L183	17
S18	NH	D5	Ma	2018-07-09 23:24:49	44.65262	-125.143376	4	2	739.2	530	19	nd	nd	19	0.0257	0.7170	L184	9.5
S18	NH	D5	Ma	2018-07-09 23:24:49	44.65262	-125.143376	4	2	739.2	530	19	nd	nd	19	0.0257	0.7170	L185	11
S18	NH	D5	Ma	2018-07-09 23:24:49	44.65262	-125.143376	4	2	739.2	530	19	nd	nd	19	0.0257	0.7170	L186	5
S18	NH	D5	Ma	2018-07-09 23:24:49	44.65262	-125.143376	4	2	739.2	530	19	nd	nd	19	0.0257	0.7170	L187	10
S18	NH	D5	Ma	2018-07-09 23:24:49	44.65262	-125.143376	4	2	739.2	530	19	nd	nd	19	0.0257	0.7170	L188	9
S18	NH	D5	Ma	2018-07-09 23:24:49	44.65262	-125.143376	4	2	739.2	530	19	nd	nd	19	0.0257	0.7170	L189	9.5
S18	NH	D5	Ma	2018-07-09 23:24:49	44.65262	-125.143376	4	2	739.2	530	19	nd	nd	19	0.0257	0.7170	L190	8
S18	NH	D5	Ma	2018-07-09 23:24:49	44.65262	-125.143376	4	2	739.2	530	19	nd	nd	19	0.0257	0.7170	L191	17
S18	NH	D5	Ma	2018-07-09 23:24:49	44.65262	-125.143376	4	2	739.2	530	19	nd	nd	19	0.0257	0.7170	L192	10
S18	NH	D5	Ma	2018-07-09 23:24:49	44.65262	-125.143376	4	2	739.2	530	19	nd	nd	19	0.0257	0.7170	L193	7
S18	NH	D5	Ma	2018-07-09 23:24:49	44.65262	-125.143376	4	2	739.2	530	19	nd	nd	19	0.0257	0.7170	L194	11
S18	NH	D5	Ma	2018-07-09 23:24:49	44.65262	-125.143376	4	2	739.2	530	19	nd	nd	19	0.0257	0.7170	L195	25
S18	NH	D5	Ma	2018-07-09 23:24:49	44.65262	-125.143376	4	2	739.2	530	19	nd	nd	19	0.0257	0.7170	L196	10
S18	NH	D5	Ma	2018-07-09 23:24:49	44.65262	-125.143376	4	2	739.2	530	19	nd	nd	19	0.0257	0.7170	L197	7
S18	NH	D5	Ma	2018-07-09 23:24:49	44.65262	-125.143376	4	2	739.2	530	19	nd	nd	19	0.0257	0.7170	L198	9
S18	NH	D5	Ma	2018-07-09 23:24:49	44.65262	-125.143376	4	2	739.2	530	19	nd	nd	19	0.0257	0.7170	L199	11
S18	NH	D5	Ma	2018-07-09 23:24:49	44.65262	-125.143376	4	2	739.2	530	19	nd	nd	19	0.0257	0.7170	L200	6
S18	NH	D5	Ma	2018-07-09 23:24:49	44.65262	-125.143376	4	2	739.2	530	19	nd	nd	19	0.0257	0.7170	L201	8
S18	NH	D5	Ma	2018-07-09 23:24:49	44.65262	-125.143376	4	2	739.2	530	19	nd	nd	19	0.0257	0.7170	L202	9
S18	NH	D5	Ma	2018-07-09 23:24:49	44.65262	-125.143376	1	2	184.8	50	1	nd	nd	1	0.0054	0.2706	L203	14
S18	NH	D5	Ma	2018-07-09 23:25:53	44.652647	-125.144281	1	4	187.7	100	1	nd	nd	1	0.0053	0.5328	L204	21
S18	NH	D5	Ma	2018-07-09 23:25:53	44.652647	-125.144281	4	4	750.7	610	7	nd	nd	7	0.0093	0.8126	L205	29
S18	NH	D5	Ma	2018-07-09 23:25:53	44.652647	-125.144281	4	4	750.7	610	7	nd	nd	7	0.0093	0.8126	L206	16
S18	NH	D5	Ma	2018-07-09 23:25:53	44.652647	-125.144281	4	4	750.7	610	7	nd	nd	7	0.0093	0.8126	L207	10
S18	NH	D5	Ma	2018-07-09 23:25:53	44.652647	-125.144281	4	4	750.7	610	7	nd	nd	7	0.0093	0.8126	L208	20
S18	NH	D5	Ma	2018-07-09 23:25:53	44.652647	-125.144281	4	4	750.7	610	7	nd	nd	7	0.0093	0.8126	L209	21
S18	NH	D5	Ma	2018-07-09 23:25:53	44.652647	-125.144281	4	4	750.7	610	7	nd	nd	7	0.0093	0.8126	L210	17
S18	NH	D5	Ma	2018-07-09 23:25:53	44.652647	-125.144281	4	4	750.7	610	7	nd	nd	7	0.0093	0.8126	L211	20
S18	NH	N5	Ma	2018-07-10 05:18:35	44.651989	-125.106983	1	0	346	790	14	nd	nd	14	0.0405	2.2832	L212	14
S18	NH	N5	Ma	2018-07-10 05:18:35	44.651989	-125.106983	1	0	346	790	14	nd	nd	14	0.0405	2.2832	L213	15
S18	NH	N5	Ma	2018-07-10 05:18:35	44.651989	-125.106983	1	0	346	790	14	nd	nd	14	0.0405	2.2832	L214	20
S18	NH	N5	Ma	2018-07-10 05:18:35	44.651989	-125.106983	1	0	346	790	14	nd	nd	14	0.0405	2.2832	L215	16
S18	NH	N5	Ma	2018-07-10 05:18:35	44.651989	-125.106983	1	0	346	790	14	nd	nd	14	0.0405	2.2832	L216	14
S18	NH	N5	Ma	2018-07-10 05:18:35	44.651989	-125.106983	1	0	346	790	14	nd	nd	14	0.0405	2.2832	L217	12
S18	NH	N5	Ma	2018-07-10 05:18:35	44.651989	-125.106983	1	0	346	790	14	nd	nd	14	0.0405	2.2832	L218	17
S18	NH	N5	Ma	2018-07-10 05:18:35	44.651989	-125.106983	1	0	346	790	14	nd	nd	14	0.0405	2.2832	L219	9
S18	NH	N5	Ma	2018-07-10 05:18:35	44.651989	-125.106983	1	0	346	790	14	nd	nd	14	0.0405	2.2832	L220	nd
S18	NH	N5	Ma	2018-07-10 05:18:35	44.651989	-125.106983	1	0	346	790	14	nd	nd	14	0.0405	2.2832	L221	20
S18	NH	N5	Ma	2018-07-10 05:18:35	44.651989	-125.106983	1	0	346	790	14	nd	nd	14	0.0405	2.2832	L222	13
S18	NH	N5	Ma	2018-07-10 05:18:35	44.651989	-125.106983	1	0	346	790	14	nd	nd	14	0.0405	2.2832	L223	11
S18	NH	N5	Ma	2018-07-10 05:18:35	44.651989	-125.106983	1	0	346	790	14	nd	nd	14	0.0405	2.2832	L224	12
S18	NH	N5	Ma	2018-07-10 05:18:35	44.651989	-125.106983	1	0	346	790	14	nd	nd	14	0.0405	2.2832	L225	9.5
S18	NH	N5	Ma	2018-07-10 05:18:35	44.651989	-125.106983	4	0	1384.2	2500	nd	950	20	53	0.0380	1.8061	L226	14.5
S18	NH	N5	Ma	2018-07-10 05:18:35	44.651989	-125.106983	4	0	1384.2	2500	nd	950	20	53	0.0380	1.8061	L227	15
S18	NH	N5	Ma	2018-07-10 05:18:35	44.651989	-125.106983	4	0	1384.2	2500	nd	950	20	53	0.0380	1.8061	L228	13.5
S18	NH	N5	Ma	2018-07-10 05:18:35	44.651989	-125.106983	4	0	1384.2	2500	nd	950	20	53	0.0380	1.8061	L229	13.5
S18	NH	N5	Ma	2018-07-10 05:18:35	44.651989	-125.106983	4	0	1384.2	2500	nd	950	20	53	0.0380	1.8061	L230	12.5
S18	NH	N5	Ma	2018-07-10 05:18:35	44.651989	-125.106983	4	0	1384.2	2500	nd	950	20	53	0.0380	1.8061	L231	14
S18	NH	N5	Ma	2018-07-10 05:18:35	44.651989	-125.106983	4	0	1384.2	2500	nd	950	20	53	0.0380	1.8061	L232	9.5
S18	NH	N5	Ma	2018-07-10 05:18:35	44.651989	-125.106983	4	0	1384.2	2500	nd	950	20	53	0.0380	1.8061	L233	10.5
S18	NH	N5	Ma	2018-07-10 05:18:35	44.651989	-125.106983	4	0	1384.2	2500	nd	950	20	53	0.0380	1.8061	L234	12.5
S18	NH	N5	Ma	2018-07-10 05:18:35	44.651989	-125.106983	4	0	1384.2	2500	nd	950	20	53	0.0380	1.8061	L235	16
S18	NH	N5	Ma	2018-07-10 05:18:35	44.651989	-125.106983	4	0	1384.2	2500	nd	950	20	53	0.0380	1.8061	L236	11
S18	NH	N5	Ma	2018-07-10 05:18:35	44.651989	-125.106983	4	0	1384.2	2500	nd	950	20	53	0.0380	1.8061	L237	14.5
S18	NH	N5	Ma	2018-07-10 05:18:35	44.651989	-125.106983	4	0	1384.2	2500	nd	950	20	53	0.0380	1.8061	L238	14
S18	NH	N5	Ma	2018-07-10 05:18:35	44.651989	-125.106983	4	0	1384.2	2500	nd	950	20	53	0.0380	1.8061	L239	12.5
S18	NH	N5	Ma	2018-07-10 05:18:35	44.651989	-125.106983	4	0	1384.2	2500	nd	950	20	53	0.0380	1.8061	L240	17.5
S18	NH	N5	Ma	2018-07-10 05:18:35	44.651989	-125.106983	4	0	1384.2	2500	nd	950	20	53	0.0380	1.8061	L241	17.8
S18	NH	N5	Ma	2018-07-10 05:18:35	44.651989	-125.106983	4	0	1384.2	2500	nd	950	20	53	0.0380	1.8061	L242	16.5
S18	NH	N5	Ma	2018-07-10 05:18:35	44.651989	-125.106983	4	0	1384.2	2500	nd	950	20	53	0.0380	1.8061	L243	11.5
S18	NH	N5	Ma	2018-07-10 05:18:35	44.651989	-125.106983	4	0	1384.2	2500	nd	950	20	53	0.0380	1.8061	L244	11
S18	NH	N5	Ma	2018-07-10 05:18:35	44.651989	-125.106983	4	0	1384.2	2500	nd	950	20	53	0.0380	1.8061	L245	10.5
S18	NH	N5	Ma	2018-07-10 05:31:58	44.651964	-125.096949	4	3	613.1	180	3	nd	nd	3	0.0049	0.2936	L246	22
S18	NH	N5	Ma	2018-07-10 05:31:58	44.651964	-125.096949	4	3	613.1	180	3	nd	nd	3	0.0049	0.2936	L247	20
S18	NH	N5	Ma	2018-07-10 05:31:58	44.651964	-125.096949	4	3	613.1	180	3	nd	nd	3	0.0049	0.2936	L248	13.5
S18	NH	N5	Ma	2018-07-10 05:31:58	44.651964	-125.096949	1	3	153.3	80	2	nd	nd	2	0.0130	0.5219	L249	22
S18	NH	N5	Ma	2018-07-10 05:31:58	44.651964	-125.096949	1	3	153.3	80	2	nd	nd	2	0.0130	0.5219	L250	16
S18	NH	N5	Ma	2018-07-10 05:35:36	44.651892	-125.09400	4	4	556	3500	nd	1430	20	49	0.0880	6.2950	L251	13.5
S18	NH	N5	Ma	2018-07-10 05:35:36	44.651892	-125.09400	4	4	556	3500	nd	1430	20	49	0.0880	6.2950	L252	14.5
S18	NH	N5	Ma	2018-07-10 05:35:36	44.651892	-125.09400	4	4	556	3500	nd	1430	20	49	0.0880	6.2950	L253	17.5
S18	NH	N5	Ma	2018-07-10 05:35:36	44.651892	-125.09400	4	4	556	3500	nd	1430	20	49	0.0880	6.2950	L254	16
S18	NH	N5	Ma	2018-07-10 05:35:36	44.651892	-125.09400	4	4	556	3500	nd	1430	20	49	0.0880	6.2950	L255	17
S18	NH	N5	Ma	2018-07-10 05:35:36	44.651892	-125.09400	4	4	556	3500	nd	1430	20	49	0.0880	6.2950	L256	16
S18	NH	N5	Ma	2018-07-10 05:35:36	44.651892	-125.09400	4	4	556	3500	nd	1430	20	49	0.0880	6.2950	L257	16
S18	NH	N5	Ma	2018-07-10 05:35:36	44.651892	-125.09400	4	4	556	3500	nd	1430	20	49	0.0880	6.2950	L258	15.5
S18	NH	N5	Ma	2018-07-10 05:35:36	44.651892	-125.09400	4	4	556	3500	nd	1430	20	49	0.0880	6.2950	L259	16.5
S18	NH	N5	Ma	2018-07-10 05:35:36	44.651892	-125.09400	4	4	556	3500	nd	1430	20	49	0.0880	6.2950	L260	14.5
S18	NH	N5	Ma	2018-07-10 05:35:36	44.651892	-125.09400	4	4	556	3500	nd	1430	20	49	0.0880	6.2950	L261	11
S18	NH	N5	Ma	2018-07-10 05:35:36	44.651892	-125.09400	4	4	556	3500	nd	1430	20	49	0.0880	6.2950	L262	13.5
S18	NH	N5	Ma	2018-07-10 05:35:36	44.651892	-125.09400	4	4	556	3500	nd	1430	20	49	0.0880	6.2950	L263	12.5
S18	NH	N5	Ma	2018-07-10 05:35:36	44.651892	-125.09400	4	4	556	3500	nd	1430	20	49	0.0880	6.2950	L264	16
S18	NH	N5	Ma	2018-07-10 05:35:36	44.651892	-125.09400	4	4	556	3500	nd	1430	20	49	0.0880	6.2950	L265	14
S18	NH	N5	Ma	2018-07-10 05:35:36	44.651892	-125.09400	4	4	556	3500	nd	1430	20	49	0.0880	6.2950	L266	14.5
S18	NH	N5	Ma	2018-07-10 05:35:36	44.651892	-125.09400	4	4	556	3500	nd	1430	20	49	0.0880	6.2950	L267	12.5
S18	NH	N5	Ma	2018-07-10 05:35:36	44.651892	-125.09400	4	4	556	3500	nd	1430	20	49	0.0880	6.2950	L268	15.5
S18	NH	N5	Ma	2018-07-10 05:35:36	44.651892	-125.09400	4	4	556	3500	nd	1430	20	49	0.0880	6.2950	L269	11.5
S18	NH	N5	Ma	2018-07-10 05:35:36	44.651892	-125.09400	4	4	556	3500	nd	1430	20	49	0.0880	6.2950	L270	12.5
S18	NH	N5	Ma	2018-07-10 05:35:36	44.651892	-125.09400	1	4	139	1420	19	nd	nd	19	0.1367	10.2158	L271	15
S18	NH	N5	Ma	2018-07-10 05:35:36	44.651892	-125.09400	1	4	139	1420	19	nd	nd	19	0.1367	10.2158	L272	21
S18	NH	N5	Ma	2018-07-10 05:35:36	44.651892	-125.09400	1	4	139	1420	19	nd	nd	19	0.1367	10.2158	L273	19
S18	NH	N5	Ma	2018-07-10 05:35:36	44.651892	-125.09400	1	4	139	1420	19	nd	nd	19	0.1367	10.2158	L274	12
S18	NH	N5	Ma	2018-07-10 05:35:36	44.651892	-125.09400	1	4	139	1420	19	nd	nd	19	0.1367	10.2158	L275	18
S18	NH	N5	Ma	2018-07-10 05:35:36	44.651892	-125.09400	1	4	139	1420	19	nd	nd	19	0.1367	10.2158	L276	17
S18	NH	N5	Ma	2018-07-10 05:35:36	44.651892	-125.09400	1	4	139	1420	19	nd	nd	19	0.1367	10.2158	L277	26
S18	NH	N5	Ma	2018-07-10 05:35:36	44.651892	-125.09400	1	4	139	1420	19	nd	nd	19	0.1367	10.2158	L278	20
S18	NH	N5	Ma	2018-07-10 05:35:36	44.651892	-125.09400	1	4	139	1420	19	nd	nd	19	0.1367	10.2158	L279	23
S18	NH	N5	Ma	2018-07-10 05:35:36	44.651892	-125.09400	1	4	139	1420	19	nd	nd	19	0.1367	10.2158	L280	10
S18	NH	N5	Ma	2018-07-10 05:35:36	44.651892	-125.09400	1	4	139	1420	19	nd	nd	19	0.1367	10.2158	L281	24
S18	NH	N5	Ma	2018-07-10 05:35:36	44.651892	-125.09400	1	4	139	1420	19	nd	nd	19	0.1367	10.2158	L282	6
S18	NH	N5	Ma	2018-07-10 05:35:36	44.651892	-125.09400	1	4	139	1420	19	nd	nd	19	0.1367	10.2158	L283	14
S18	NH	N5	Ma	2018-07-10 05:35:36	44.651892	-125.09400	1	4	139	1420	19	nd	nd	19	0.1367	10.2158	L284	13
S18	NH	N5	Ma	2018-07-10 05:35:36	44.651892	-125.09400	1	4	139	1420	19	nd	nd	19	0.1367	10.2158	L285	22
S18	NH	N5	Ma	2018-07-10 05:35:36	44.651892	-125.09400	1	4	139	1420	19	nd	nd	19	0.1367	10.2158	L286	11
S18	NH	N5	Ma	2018-07-10 05:35:36	44.651892	-125.09400	1	4	139	1420	19	nd	nd	19	0.1367	10.2158	L287	16
S18	NH	N5	Ma	2018-07-10 05:35:36	44.651892	-125.09400	1	4	139	1420	19	nd	nd	19	0.1367	10.2158	L288	18
S18	NH	N5	Ma	2018-07-10 05:35:36	44.651892	-125.09400	1	4	139	1420	19	nd	nd	19	0.1367	10.2158	L289	23
S18	NH	N3	Ma	2018-07-10 08:13:26	44.651579	-124.642152	4	0	3457.8	2000	52	950	20	52	0.0150	0.5784	L290	14.5
S18	NH	N3	Ma	2018-07-10 08:13:26	44.651579	-124.642152	4	0	3457.8	2000	52	950	20	52	0.0150	0.5784	L291	15
S18	NH	N3	Ma	2018-07-10 08:13:26	44.651579	-124.642152	4	0	3457.8	2000	52	950	20	52	0.0150	0.5784	L292	15.5
S18	NH	N3	Ma	2018-07-10 08:13:26	44.651579	-124.642152	4	0	3457.8	2000	52	950	20	52	0.0150	0.5784	L293	15
S18	NH	N3	Ma	2018-07-10 08:13:26	44.651579	-124.642152	4	0	3457.8	2000	52	950	20	52	0.0150	0.5784	L294	19.5
S18	NH	N3	Ma	2018-07-10 08:13:26	44.651579	-124.642152	4	0	3457.8	2000	52	950	20	52	0.0150	0.5784	L295	11.5
S18	NH	N3	Ma	2018-07-10 08:13:26	44.651579	-124.642152	4	0	3457.8	2000	52	950	20	52	0.0150	0.5784	L296	14
S18	NH	N3	Ma	2018-07-10 08:13:26	44.651579	-124.642152	4	0	3457.8	2000	52	950	20	52	0.0150	0.5784	L297	14
S18	NH	N3	Ma	2018-07-10 08:13:26	44.651579	-124.642152	4	0	3457.8	2000	52	950	20	52	0.0150	0.5784	L298	13.5
S18	NH	N3	Ma	2018-07-10 08:13:26	44.651579	-124.642152	4	0	3457.8	2000	52	950	20	52	0.0150	0.5784	L299	10
S18	NH	N3	Ma	2018-07-10 08:13:26	44.651579	-124.642152	4	0	3457.8	2000	52	950	20	52	0.0150	0.5784	L300	16.5
S18	NH	N3	Ma	2018-07-10 08:13:26	44.651579	-124.642152	4	0	3457.8	2000	52	950	20	52	0.0150	0.5784	L301	15
S18	NH	N3	Ma	2018-07-10 08:13:26	44.651579	-124.642152	4	0	3457.8	2000	52	950	20	52	0.0150	0.5784	L302	12
S18	NH	N3	Ma	2018-07-10 08:13:26	44.651579	-124.642152	4	0	3457.8	2000	52	950	20	52	0.0150	0.5784	L303	14
S18	NH	N3	Ma	2018-07-10 08:13:26	44.651579	-124.642152	4	0	3457.8	2000	52	950	20	52	0.0150	0.5784	L304	11.5
S18	NH	N3	Ma	2018-07-10 08:13:26	44.651579	-124.642152	4	0	3457.8	2000	52	950	20	52	0.0150	0.5784	L305	12.5
S18	NH	N3	Ma	2018-07-10 08:13:26	44.651579	-124.642152	4	0	3457.8	2000	52	950	20	52	0.0150	0.5784	L306	17
S18	NH	N3	Ma	2018-07-10 08:13:26	44.651579	-124.642152	4	0	3457.8	2000	52	950	20	52	0.0150	0.5784	L307	12.5
S18	NH	N3	Ma	2018-07-10 08:13:26	44.651579	-124.642152	4	0	3457.8	2000	52	950	20	52	0.0150	0.5784	L308	7.5
S18	NH	N3	Ma	2018-07-10 08:13:26	44.651579	-124.642152	4	0	3457.8	2000	52	950	20	52	0.0150	0.5784	L309	13
S18	NH	N3	Ma	2018-07-10 08:13:26	44.651579	-124.642152	1	0	864.4	550	11	nd	nd	11	0.0127	0.6363	L310	19
S18	NH	N3	Ma	2018-07-10 08:13:26	44.651579	-124.642152	1	0	864.4	550	11	nd	nd	11	0.0127	0.6363	L311	18
S18	NH	N3	Ma	2018-07-10 08:13:26	44.651579	-124.642152	1	0	864.4	550	11	nd	nd	11	0.0127	0.6363	L312	14
S18	NH	N3	Ma	2018-07-10 08:13:26	44.651579	-124.642152	1	0	864.4	550	11	nd	nd	11	0.0127	0.6363	L313	4
S18	NH	N3	Ma	2018-07-10 08:13:26	44.651579	-124.642152	1	0	864.4	550	11	nd	nd	11	0.0127	0.6363	L314	12
S18	NH	N3	Ma	2018-07-10 08:13:26	44.651579	-124.642152	1	0	864.4	550	11	nd	nd	11	0.0127	0.6363	L315	18
S18	NH	N3	Ma	2018-07-10 08:13:26	44.651579	-124.642152	1	0	864.4	550	11	nd	nd	11	0.0127	0.6363	L316	15
S18	NH	N3	Ma	2018-07-10 08:13:26	44.651579	-124.642152	1	0	864.4	550	11	nd	nd	11	0.0127	0.6363	L317	11
S18	NH	N3	Ma	2018-07-10 08:13:26	44.651579	-124.642152	1	0	864.4	550	11	nd	nd	11	0.0127	0.6363	L318	16
S18	NH	N3	Ma	2018-07-10 08:13:26	44.651579	-124.642152	1	0	864.4	550	11	nd	nd	11	0.0127	0.6363	L319	14
S18	NH	N3	Ma	2018-07-10 08:13:26	44.651579	-124.642152	1	0	864.4	550	11	nd	nd	11	0.0127	0.6363	L320	16
S18	NH	N3	Ma	2018-07-10 08:20:06	44.65164	-124.637198	4	1	1034.4	100	1	nd	nd	1	0.0010	0.0967	L321	14
S18	NH	N3	Ma	2018-07-10 08:23:37	44.651828	-124.634428	4	2	568.1	80	1	nd	nd	1	0.0018	0.1408	L322	18
S18	NH	N3	Ma	2018-07-10 08:27:52	44.652085	-124.631611	4	3	665.6	190	3	nd	nd	3	0.0045	0.2855	L323	20
S18	NH	N3	Ma	2018-07-10 08:27:52	44.652085	-124.631611	4	3	665.6	190	3	nd	nd	3	0.0045	0.2855	L324	16
S18	NH	N3	Ma	2018-07-10 08:27:52	44.652085	-124.631611	4	3	665.6	190	3	nd	nd	3	0.0045	0.2855	L325	18.5
S18	NH	N3	Ma	2018-07-10 08:32:32	44.652267	-124.628297	4	4	693.1	4500	32	1100	20	32	0.0462	6.4926	L326	20
S18	NH	N3	Ma	2018-07-10 08:32:32	44.652267	-124.628297	4	4	693.1	4500	32	1100	20	32	0.0462	6.4926	L327	13
S18	NH	N3	Ma	2018-07-10 08:32:32	44.652267	-124.628297	4	4	693.1	4500	32	1100	20	32	0.0462	6.4926	L328	19
S18	NH	N3	Ma	2018-07-10 08:32:32	44.652267	-124.628297	4	4	693.1	4500	32	1100	20	32	0.0462	6.4926	L329	16
S18	NH	N3	Ma	2018-07-10 08:32:32	44.652267	-124.628297	4	4	693.1	4500	32	1100	20	32	0.0462	6.4926	L330	9
S18	NH	N3	Ma	2018-07-10 08:32:32	44.652267	-124.628297	4	4	693.1	4500	32	1100	20	32	0.0462	6.4926	L331	16
S18	NH	N3	Ma	2018-07-10 08:32:32	44.652267	-124.628297	4	4	693.1	4500	32	1100	20	32	0.0462	6.4926	L332	21
S18	NH	N3	Ma	2018-07-10 08:32:32	44.652267	-124.628297	4	4	693.1	4500	32	1100	20	32	0.0462	6.4926	L333	14
S18	NH	N3	Ma	2018-07-10 08:32:32	44.652267	-124.628297	4	4	693.1	4500	32	1100	20	32	0.0462	6.4926	L334	10
S18	NH	N3	Ma	2018-07-10 08:32:32	44.652267	-124.628297	4	4	693.1	4500	32	1100	20	32	0.0462	6.4926	L335	16
S18	NH	N3	Ma	2018-07-10 08:32:32	44.652267	-124.628297	4	4	693.1	4500	32	1100	20	32	0.0462	6.4926	L336	12
S18	NH	N3	Ma	2018-07-10 08:32:32	44.652267	-124.628297	4	4	693.1	4500	32	1100	20	32	0.0462	6.4926	L337	13
S18	NH	N3	Ma	2018-07-10 08:32:32	44.652267	-124.628297	4	4	693.1	4500	32	1100	20	32	0.0462	6.4926	L338	19
S18	NH	N3	Ma	2018-07-10 08:32:32	44.652267	-124.628297	4	4	693.1	4500	32	1100	20	32	0.0462	6.4926	L339	16
S18	NH	N3	Ma	2018-07-10 08:32:32	44.652267	-124.628297	4	4	693.1	4500	32	1100	20	32	0.0462	6.4926	L340	13
S18	NH	N3	Ma	2018-07-10 08:32:32	44.652267	-124.628297	4	4	693.1	4500	32	1100	20	32	0.0462	6.4926	L341	15
S18	NH	N3	Ma	2018-07-10 08:32:32	44.652267	-124.628297	4	4	693.1	4500	32	1100	20	32	0.0462	6.4926	L342	17
S18	NH	N3	Ma	2018-07-10 08:32:32	44.652267	-124.628297	4	4	693.1	4500	32	1100	20	32	0.0462	6.4926	L343	13
S18	NH	N3	Ma	2018-07-10 08:32:32	44.652267	-124.628297	4	4	693.1	4500	32	1100	20	32	0.0462	6.4926	L344	16
S18	NH	N3	Ma	2018-07-10 08:32:32	44.652267	-124.628297	4	4	693.1	4500	32	1100	20	32	0.0462	6.4926	L345	20
S18	NH	N3	Ma	2018-07-10 08:32:32	44.652267	-124.628297	1	4	173.3	840	11	nd	nd	11	0.0635	4.8471	L346	21
S18	NH	N3	Ma	2018-07-10 08:32:32	44.652267	-124.628297	1	4	173.3	840	11	nd	nd	11	0.0635	4.8471	L347	13
S18	NH	N3	Ma	2018-07-10 08:32:32	44.652267	-124.628297	1	4	173.3	840	11	nd	nd	11	0.0635	4.8471	L348	25
S18	NH	N3	Ma	2018-07-10 08:32:32	44.652267	-124.628297	1	4	173.3	840	11	nd	nd	11	0.0635	4.8471	L349	13
S18	NH	N3	Ma	2018-07-10 08:32:32	44.652267	-124.628297	1	4	173.3	840	11	nd	nd	11	0.0635	4.8471	L350	11
S18	NH	N3	Ma	2018-07-10 08:32:32	44.652267	-124.628297	1	4	173.3	840	11	nd	nd	11	0.0635	4.8471	L351	18
S18	NH	N3	Ma	2018-07-10 08:32:32	44.652267	-124.628297	1	4	173.3	840	11	nd	nd	11	0.0635	4.8471	L352	19
S18	NH	N3	Ma	2018-07-10 08:32:32	44.652267	-124.628297	1	4	173.3	840	11	nd	nd	11	0.0635	4.8471	L353	21
S18	NH	N3	Ma	2018-07-10 08:32:32	44.652267	-124.628297	1	4	173.3	840	11	nd	nd	11	0.0635	4.8471	L354	16
S18	NH	N3	Ma	2018-07-10 08:32:32	44.652267	-124.628297	1	4	173.3	840	11	nd	nd	11	0.0635	4.8471	L355	21
S18	NH	N3	Ma	2018-07-10 08:32:32	44.652267	-124.628297	1	4	173.3	840	11	nd	nd	11	0.0635	4.8471	L356	21
S18	NH	N1	Ma	2018-07-10 10:37:36	44.651855	-124.2967	4	0	715.8	50	1	nd	nd	1	0.0014	0.0699	L357	15
S18	NH	N1	Ma	2018-07-10 10:46:14	44.652142	-124.291818	4	4	690.6	320	5	nd	nd	5	0.0072	0.4634	L358	16
S18	NH	N1	Ma	2018-07-10 10:46:14	44.652142	-124.291818	4	4	690.6	320	5	nd	nd	5	0.0072	0.4634	L359	16.5
S18	NH	N1	Ma	2018-07-10 10:46:14	44.652142	-124.291818	4	4	690.6	320	5	nd	nd	5	0.0072	0.4634	L360	22.5
S18	NH	N1	Ma	2018-07-10 10:46:14	44.652142	-124.291818	4	4	690.6	320	5	nd	nd	5	0.0072	0.4634	L361	12
S18	NH	N1	Ma	2018-07-10 10:46:14	44.652142	-124.291818	4	4	690.6	320	5	nd	nd	5	0.0072	0.4634	L362	23
S18	NH	D2	Mb	2018-07-11 17:09:05	44.651861	-124.461057	1	0	238.6	50	1	nd	nd	1	0.0042	0.2096	L363	13
S18	NH	D2	Mb	2018-07-11 17:15:43	44.651545	-124.468958	1	2	187.3	60	1	nd	nd	1	0.0053	0.3203	L364	18
S18	NH	D2	Mb	2018-07-11 17:21:56	44.65195	-124.476296	4	3	649.2	230	4	nd	nd	4	0.0062	0.3543	L365	14
S18	NH	D2	Mb	2018-07-11 17:21:56	44.65195	-124.476296	4	3	649.2	230	4	nd	nd	4	0.0062	0.3543	L366	10.5
S18	NH	D2	Mb	2018-07-11 17:21:56	44.65195	-124.476296	4	3	649.2	230	4	nd	nd	4	0.0062	0.3543	L367	19
S18	NH	D2	Mb	2018-07-11 17:21:56	44.65195	-124.476296	4	3	649.2	230	4	nd	nd	4	0.0062	0.3543	L368	15.5
S18	NH	D3	Mb	2018-07-11 20:11:02	44.651733	-124.659886	1	0	429.3	70	4	nd	nd	4	0.0093	0.1631	L369	7
S18	NH	D3	Mb	2018-07-11 20:11:02	44.651733	-124.659886	1	0	429.3	70	4	nd	nd	4	0.0093	0.1631	L370	5.5
S18	NH	D3	Mb	2018-07-11 20:11:02	44.651733	-124.659886	1	0	429.3	70	4	nd	nd	4	0.0093	0.1631	L371	5
S18	NH	D3	Mb	2018-07-11 20:11:02	44.651733	-124.659886	1	0	429.3	70	4	nd	nd	4	0.0093	0.1631	L372	10
S18	NH	D3	Mb	2018-07-11 20:11:02	44.651733	-124.659886	4	0	1717.4	190	3	nd	nd	3	0.0017	0.1106	L373	14.5
S18	NH	D3	Mb	2018-07-11 20:11:02	44.651733	-124.659886	4	0	1717.4	190	3	nd	nd	3	0.0017	0.1106	L374	23
S18	NH	D3	Mb	2018-07-11 20:11:02	44.651733	-124.659886	4	0	1717.4	190	3	nd	nd	3	0.0017	0.1106	L375	19
S18	NH	D3	Mb	2018-07-11 20:16:27	44.651415	-124.665148	4	1	728.5	70	1	nd	nd	1	0.0014	0.0961	L376	16
S18	NH	D3	Mb	2018-07-11 20:23:24	44.65131	-124.672034	1	2	232.2	80	3	nd	nd	3	0.0129	0.3445	L377	12
S18	NH	D3	Mb	2018-07-11 20:23:24	44.65131	-124.672034	1	2	232.2	80	3	nd	nd	3	0.0129	0.3445	L378	8
S18	NH	D3	Mb	2018-07-11 20:23:24	44.65131	-124.672034	1	2	232.2	80	3	nd	nd	3	0.0129	0.3445	L379	3
S18	NH	D3	Mb	2018-07-11 20:23:24	44.65131	-124.672034	4	2	928.6	760	11	nd	nd	11	0.0118	0.8184	L380	18.5
S18	NH	D3	Mb	2018-07-11 20:23:24	44.65131	-124.672034	4	2	928.6	760	11	nd	nd	11	0.0118	0.8184	L381	10
S18	NH	D3	Mb	2018-07-11 20:23:24	44.65131	-124.672034	4	2	928.6	760	11	nd	nd	11	0.0118	0.8184	L382	12.5
S18	NH	D3	Mb	2018-07-11 20:23:24	44.65131	-124.672034	4	2	928.6	760	11	nd	nd	11	0.0118	0.8184	L383	15
S18	NH	D3	Mb	2018-07-11 20:23:24	44.65131	-124.672034	4	2	928.6	760	11	nd	nd	11	0.0118	0.8184	L384	17
S18	NH	D3	Mb	2018-07-11 20:23:24	44.65131	-124.672034	4	2	928.6	760	11	nd	nd	11	0.0118	0.8184	L385	20.5
S18	NH	D3	Mb	2018-07-11 20:23:24	44.65131	-124.672034	4	2	928.6	760	11	nd	nd	11	0.0118	0.8184	L386	19
S18	NH	D3	Mb	2018-07-11 20:23:24	44.65131	-124.672034	4	2	928.6	760	11	nd	nd	11	0.0118	0.8184	L387	13
S18	NH	D3	Mb	2018-07-11 20:23:24	44.65131	-124.672034	4	2	928.6	760	11	nd	nd	11	0.0118	0.8184	L388	12.5
S18	NH	D3	Mb	2018-07-11 20:23:24	44.65131	-124.672034	4	2	928.6	760	11	nd	nd	11	0.0118	0.8184	L389	13
S18	NH	D3	Mb	2018-07-11 20:23:24	44.65131	-124.672034	4	2	928.6	760	11	nd	nd	11	0.0118	0.8184	L390	10.5
S18	NH	D3	Mb	2018-07-11 20:34:02	44.649936	-124.681094	1	3	373.2	140	2	nd	nd	2	0.0054	0.3751	L391	14.5
S18	NH	D3	Mb	2018-07-11 20:34:02	44.649936	-124.681094	1	3	373.2	140	2	nd	nd	2	0.0054	0.3751	L392	17
S18	NH	D3	Mb	2018-07-11 20:34:02	44.649936	-124.681094	4	3	1493	440	8	nd	nd	8	0.0054	0.2947	L393	15
S18	NH	D3	Mb	2018-07-11 20:34:02	44.649936	-124.681094	4	3	1493	440	8	nd	nd	8	0.0054	0.2947	L394	26
S18	NH	D3	Mb	2018-07-11 20:34:02	44.649936	-124.681094	4	3	1493	440	8	nd	nd	8	0.0054	0.2947	L395	9.5
S18	NH	D3	Mb	2018-07-11 20:34:02	44.649936	-124.681094	4	3	1493	440	8	nd	nd	8	0.0054	0.2947	L396	7
S18	NH	D3	Mb	2018-07-11 20:34:02	44.649936	-124.681094	4	3	1493	440	8	nd	nd	8	0.0054	0.2947	L397	17.5
S18	NH	D3	Mb	2018-07-11 20:34:02	44.649936	-124.681094	4	3	1493	440	8	nd	nd	8	0.0054	0.2947	L398	9
S18	NH	D3	Mb	2018-07-11 20:34:02	44.649936	-124.681094	4	3	1493	440	8	nd	nd	8	0.0054	0.2947	L399	14
S18	NH	D3	Mb	2018-07-11 20:34:02	44.649936	-124.681094	4	3	1493	440	8	nd	nd	8	0.0054	0.2947	L400	29
S18	NH	D3	Mb	2018-07-11 20:40:39	44.64962	-124.687884	4	4	902.6	120	1	nd	nd	1	0.0011	0.1329	L401	17
S18	NH	D4	Mb	2018-07-11 23:09:31	44.649321	-124.891176	1	0	583.6	60	1	nd	nd	1	0.0017	0.1028	L402	14
S18	NH	D4	Mb	2018-07-11 23:09:31	44.649321	-124.891176	4	0	2334.5	170	5	nd	nd	5	0.0021	0.0728	L403	14.5
S18	NH	D4	Mb	2018-07-11 23:09:31	44.649321	-124.891176	4	0	2334.5	170	5	nd	nd	5	0.0021	0.0728	L404	12.5
S18	NH	D4	Mb	2018-07-11 23:09:31	44.649321	-124.891176	4	0	2334.5	170	5	nd	nd	5	0.0021	0.0728	L405	10.5
S18	NH	D4	Mb	2018-07-11 23:09:31	44.649321	-124.891176	4	0	2334.5	170	5	nd	nd	5	0.0021	0.0728	L406	10
S18	NH	D4	Mb	2018-07-11 23:09:31	44.649321	-124.891176	4	0	2334.5	170	5	nd	nd	5	0.0021	0.0728	L407	14
S18	NH	D4	Mb	2018-07-11 23:14:08	44.64831	-124.895872	4	1	649.6	320	7	nd	nd	7	0.0108	0.4926	L408	15.5
S18	NH	D4	Mb	2018-07-11 23:14:08	44.64831	-124.895872	4	1	649.6	320	7	nd	nd	7	0.0108	0.4926	L409	17.5
S18	NH	D4	Mb	2018-07-11 23:14:08	44.64831	-124.895872	4	1	649.6	320	7	nd	nd	7	0.0108	0.4926	L410	15
S18	NH	D4	Mb	2018-07-11 23:14:08	44.64831	-124.895872	4	1	649.6	320	7	nd	nd	7	0.0108	0.4926	L411	12.5
S18	NH	D4	Mb	2018-07-11 23:14:08	44.64831	-124.895872	4	1	649.6	320	7	nd	nd	7	0.0108	0.4926	L412	19.5
S18	NH	D4	Mb	2018-07-11 23:14:08	44.64831	-124.895872	4	1	649.6	320	7	nd	nd	7	0.0108	0.4926	L413	12.5
S18	NH	D4	Mb	2018-07-11 23:14:08	44.64831	-124.895872	4	1	649.6	320	7	nd	nd	7	0.0108	0.4926	L414	20
S18	NH	D4	Mb	2018-07-11 23:14:08	44.64831	-124.895872	1	1	162.4	70	1	nd	nd	1	0.0062	0.4310	L415	16.5
S18	NH	D4	Mb	2018-07-11 23:21:33	44.647698	-124.90307	1	2	242.8	310	8	nd	nd	8	0.0329	1.2768	L416	13.5
S18	NH	D4	Mb	2018-07-11 23:21:33	44.647698	-124.90307	1	2	242.8	310	8	nd	nd	8	0.0329	1.2768	L417	16
S18	NH	D4	Mb	2018-07-11 23:21:33	44.647698	-124.90307	1	2	242.8	310	8	nd	nd	8	0.0329	1.2768	L418	17
S18	NH	D4	Mb	2018-07-11 23:21:33	44.647698	-124.90307	1	2	242.8	310	8	nd	nd	8	0.0329	1.2768	L419	22.5
S18	NH	D4	Mb	2018-07-11 23:21:33	44.647698	-124.90307	1	2	242.8	310	8	nd	nd	8	0.0329	1.2768	L420	10.5
S18	NH	D4	Mb	2018-07-11 23:21:33	44.647698	-124.90307	1	2	242.8	310	8	nd	nd	8	0.0329	1.2768	L421	15
S18	NH	D4	Mb	2018-07-11 23:21:33	44.647698	-124.90307	1	2	242.8	310	8	nd	nd	8	0.0329	1.2768	L422	11
S18	NH	D4	Mb	2018-07-11 23:21:33	44.647698	-124.90307	1	2	242.8	310	8	nd	nd	8	0.0329	1.2768	L423	12.5
S18	NH	D4	Mb	2018-07-11 23:21:33	44.647698	-124.90307	4	2	971.4	800	23	nd	nd	23	0.0237	0.8236	L424	15
S18	NH	D4	Mb	2018-07-11 23:21:33	44.647698	-124.90307	4	2	971.4	800	23	nd	nd	23	0.0237	0.8236	L425	7.5
S18	NH	D4	Mb	2018-07-11 23:21:33	44.647698	-124.90307	4	2	971.4	800	23	nd	nd	23	0.0237	0.8236	L426	12
S18	NH	D4	Mb	2018-07-11 23:21:33	44.647698	-124.90307	4	2	971.4	800	23	nd	nd	23	0.0237	0.8236	L427	14.5
S18	NH	D4	Mb	2018-07-11 23:21:33	44.647698	-124.90307	4	2	971.4	800	23	nd	nd	23	0.0237	0.8236	L428	16
S18	NH	D4	Mb	2018-07-11 23:21:33	44.647698	-124.90307	4	2	971.4	800	23	nd	nd	23	0.0237	0.8236	L429	7
S18	NH	D4	Mb	2018-07-11 23:21:33	44.647698	-124.90307	4	2	971.4	800	23	nd	nd	23	0.0237	0.8236	L430	14.5
S18	NH	D4	Mb	2018-07-11 23:21:33	44.647698	-124.90307	4	2	971.4	800	23	nd	nd	23	0.0237	0.8236	L431	12
S18	NH	D4	Mb	2018-07-11 23:21:33	44.647698	-124.90307	4	2	971.4	800	23	nd	nd	23	0.0237	0.8236	L432	15
S18	NH	D4	Mb	2018-07-11 23:21:33	44.647698	-124.90307	4	2	971.4	800	23	nd	nd	23	0.0237	0.8236	L433	10
S18	NH	D4	Mb	2018-07-11 23:21:33	44.647698	-124.90307	4	2	971.4	800	23	nd	nd	23	0.0237	0.8236	L434	13
S18	NH	D4	Mb	2018-07-11 23:21:33	44.647698	-124.90307	4	2	971.4	800	23	nd	nd	23	0.0237	0.8236	L435	13
S18	NH	D4	Mb	2018-07-11 23:21:33	44.647698	-124.90307	4	2	971.4	800	23	nd	nd	23	0.0237	0.8236	L436	17
S18	NH	D4	Mb	2018-07-11 23:21:33	44.647698	-124.90307	4	2	971.4	800	23	nd	nd	23	0.0237	0.8236	L437	17.5
S18	NH	D4	Mb	2018-07-11 23:21:33	44.647698	-124.90307	4	2	971.4	800	23	nd	nd	23	0.0237	0.8236	L438	15
S18	NH	D4	Mb	2018-07-11 23:21:33	44.647698	-124.90307	4	2	971.4	800	23	nd	nd	23	0.0237	0.8236	L439	16
S18	NH	D4	Mb	2018-07-11 23:21:33	44.647698	-124.90307	4	2	971.4	800	23	nd	nd	23	0.0237	0.8236	L440	11
S18	NH	D4	Mb	2018-07-11 23:21:33	44.647698	-124.90307	4	2	971.4	800	23	nd	nd	23	0.0237	0.8236	L441	9.5
S18	NH	D4	Mb	2018-07-11 23:21:33	44.647698	-124.90307	4	2	971.4	800	23	nd	nd	23	0.0237	0.8236	L442	13.5
S18	NH	D4	Mb	2018-07-11 23:21:33	44.647698	-124.90307	4	2	971.4	800	23	nd	nd	23	0.0237	0.8236	L443	9
S18	NH	D4	Mb	2018-07-11 23:21:33	44.647698	-124.90307	4	2	971.4	800	23	nd	nd	23	0.0237	0.8236	L444	16.5
S18	NH	D4	Mb	2018-07-11 23:21:33	44.647698	-124.90307	4	2	971.4	800	23	nd	nd	23	0.0237	0.8236	L445	10
S18	NH	D4	Mb	2018-07-11 23:21:33	44.647698	-124.90307	4	2	971.4	800	23	nd	nd	23	0.0237	0.8236	L446	9.5
S18	NH	D4	Mb	2018-07-11 23:28:10	44.64632	-124.909104	1	3	228.2	40	1	nd	nd	1	0.0044	0.1753	L447	16
S18	NH	D4	Mb	2018-07-11 23:28:10	44.64632	-124.909104	4	3	912.7	470	10	nd	nd	10	0.0110	0.5150	L448	18.5
S18	NH	D4	Mb	2018-07-11 23:28:10	44.64632	-124.909104	4	3	912.7	470	10	nd	nd	10	0.0110	0.5150	L449	15.5
S18	NH	D4	Mb	2018-07-11 23:28:10	44.64632	-124.909104	4	3	912.7	470	10	nd	nd	10	0.0110	0.5150	L450	17
S18	NH	D4	Mb	2018-07-11 23:28:10	44.64632	-124.909104	4	3	912.7	470	10	nd	nd	10	0.0110	0.5150	L451	14
S18	NH	D4	Mb	2018-07-11 23:28:10	44.64632	-124.909104	4	3	912.7	470	10	nd	nd	10	0.0110	0.5150	L452	24.5
S18	NH	D4	Mb	2018-07-11 23:28:10	44.64632	-124.909104	4	3	912.7	470	10	nd	nd	10	0.0110	0.5150	L453	17
S18	NH	D4	Mb	2018-07-11 23:28:10	44.64632	-124.909104	4	3	912.7	470	10	nd	nd	10	0.0110	0.5150	L454	12.5
S18	NH	D4	Mb	2018-07-11 23:28:10	44.64632	-124.909104	4	3	912.7	470	10	nd	nd	10	0.0110	0.5150	L455	16.5
S18	NH	D4	Mb	2018-07-11 23:28:10	44.64632	-124.909104	4	3	912.7	470	10	nd	nd	10	0.0110	0.5150	L456	14
S18	NH	D4	Mb	2018-07-11 23:28:10	44.64632	-124.909104	4	3	912.7	470	10	nd	nd	10	0.0110	0.5150	L457	8.5
S18	NH	D4	Mb	2018-07-11 23:32:05	44.645745	-124.912691	1	4	127.4	60	1	nd	nd	1	0.0078	0.4710	L458	15.5
